{
    "loss": 0.7589356899261475,
    "accuracy": 0.9137930870056152
}